,alpha_hat,vars
1,-0.26039755461240016,4
2,0.4794255555576447,7
3,0.5788815727625177,14
4,0.420674612713312,16
5,-0.32732572408479604,26
6,0.418454797127618,85
7,0.19592713279879775,94
8,-0.4443350033559727,102
9,-0.3406065619828862,105
10,0.30957347172510463,117
11,-0.21463065359475325,118
12,-0.07201492187302344,148
13,-1.6965448351406147e-17,0
